start_lat,start_lon,destination_lat,destination_lon,departure,conventional_t (in min),conventional_d (in km),pickup_station,dropoff_station,pickup_coord,dropoff_coord,distance_to_pickup,distance_from_dropoff,time_to_pickup,time_from_dropoff,min_ferry_time
51.24246043659572,6.719959727484807,51.266133907875215,6.729379277182589,26,26,7279,7,23,"(51.25475, 6.72683)","(51.25988, 6.72197)",1448.96,866.92,5,3,11
51.267200638690255,6.731041823405783,51.234312369226096,6.746658278713733,9,24,6905,24,7,"(51.25804, 6.72913)","(51.25475, 6.72683)",1027.85,2662.13,4,10,16
51.24898402440866,6.771353045112381,51.241634178663965,6.710327325492679,26,22,6826,30,14,"(51.24472, 6.7643)","(51.24034, 6.76337)",683.79,3706.95,2,14,19
51.236491232487275,6.780170851982913,51.23948797347428,6.721885624383063,11,18,5197,33,16,"(51.23399, 6.77066)","(51.23375, 6.76601)",720.19,3147.07,2,12,16
51.272695123195476,6.6887698609471355,51.2649026912545,6.737103492252259,25,21,6140,1,18,"(51.27351, 6.70037)","(51.27369, 6.7048)",814.57,2457.32,3,9,14
